1, 289, 4885, 7, 98.48484848484847, 174, 2973, 29, 59.67676767676767
2, 283, 4757, 24, 95.97979797979794, 203, 3440, 25, 69.07070707070707
3, 294, 4894, 12, 98.36363636363635, 185, 3192, 27, 63.95959595959595
4, 287, 4827, 14, 97.07070707070703, 183, 3111, 28, 61.91919191919189
5, 291, 4891, 8, 97.979797979798, 186, 3063, 29, 61.25252525252521
6, 285, 4823, 26, 97.09090909090905, 194, 3298, 27, 66.16161616161614
7, 291, 4860, 7, 98.00000000000001, 196, 3142, 29, 62.80808080808079
8, 293, 4837, 27, 96.76767676767673, 202, 3280, 27, 65.57575757575758
9, 292, 4840, 20, 97.39393939393936, 204, 3425, 26, 68.46464646464648
10, 293, 4861, 7, 97.81818181818181, 189, 3183, 28, 64.00000000000001
11, 293, 4825, 10, 97.13131313131308, 186, 3081, 28, 61.595959595959606
12, 294, 4873, 16, 97.9191919191919, 176, 2940, 29, 59.13131313131313
13, 287, 4802, 25, 96.06060606060602, 184, 3044, 28, 60.505050505050505
14, 300, 4923, 7, 98.70707070707071, 179, 3002, 29, 59.65656565656564
15, 296, 4840, 23, 97.69696969696967, 212, 3433, 25, 69.03030303030305
16, 294, 4839, 12, 97.4949494949495, 222, 3610, 24, 72.86868686868685
17, 294, 4881, 9, 98.24242424242425, 177, 3029, 29, 61.050505050505066
18, 291, 4805, 10, 96.92929292929291, 203, 3281, 28, 66.06060606060605
19, 295, 4817, 24, 96.84848484848477, 195, 3093, 27, 62.20202020202019
20, 298, 4875, 9, 98.26262626262621, 186, 3079, 28, 61.5959595959596
21, 297, 4868, 21, 97.81818181818178, 202, 3268, 27, 65.41414141414143
22, 296, 4865, 12, 97.67676767676764, 187, 3065, 29, 61.212121212121204
23, 295, 4854, 20, 97.55555555555554, 202, 3307, 25, 66.66666666666669
24, 294, 4842, 10, 97.87878787878788, 193, 3210, 28, 64.7070707070707
25, 298, 4858, 25, 97.57575757575752, 189, 3027, 28, 60.42424242424244
26, 296, 4843, 20, 97.5959595959596, 189, 3117, 29, 62.18181818181818
27, 290, 4765, 26, 96.16161616161614, 188, 3080, 28, 61.757575757575765
28, 295, 4873, 20, 98.06060606060602, 205, 3397, 27, 68.14141414141415
29, 295, 4825, 23, 97.11111111111107, 191, 3086, 28, 61.95959595959595
30, 293, 4831, 24, 97.21212121212118, 198, 3169, 28, 63.25252525252526
31, 299, 4889, 8, 98.46464646464648, 190, 3160, 28, 63.595959595959606
32, 293, 4850, 12, 97.27272727272724, 192, 3113, 28, 62.16161616161615
33, 296, 4857, 23, 97.55555555555554, 203, 3236, 27, 64.74747474747475
34, 294, 4851, 21, 97.8181818181818, 191, 3243, 27, 64.76767676767676
35, 299, 4865, 9, 98.08080808080807, 181, 2955, 29, 59.25252525252528
36, 292, 4840, 23, 97.3333333333333, 229, 3680, 23, 73.55555555555559
37, 296, 4838, 12, 97.4949494949495, 208, 3362, 26, 67.45454545454545
38, 298, 4886, 14, 98.08080808080804, 193, 3178, 27, 63.737373737373744
39, 297, 4858, 9, 97.53535353535352, 189, 3056, 29, 61.09090909090908
40, 299, 4880, 9, 98.08080808080808, 180, 3026, 29, 60.34343434343436
41, 299, 4888, 23, 98.02020202020202, 201, 3308, 27, 66.06060606060608
42, 297, 4829, 23, 96.80808080808077, 181, 2974, 29, 59.07070707070705
43, 303, 4908, 9, 99.07070707070703, 184, 2995, 29, 60.121212121212125
44, 300, 4886, 16, 97.73737373737374, 182, 2965, 29, 58.98989898989897
45, 299, 4874, 15, 97.67676767676764, 187, 3099, 28, 61.818181818181806
46, 302, 4900, 8, 98.24242424242422, 198, 3176, 29, 63.45454545454544
47, 297, 4858, 13, 97.61616161616158, 191, 3152, 28, 63.01010101010103
48, 302, 4902, 8, 98.80808080808077, 189, 3068, 28, 61.73737373737371
49, 296, 4842, 23, 97.45454545454544, 188, 2990, 29, 59.95959595959595
50, 300, 4870, 19, 97.87878787878786, 206, 3344, 27, 66.84848484848483
51, 297, 4835, 24, 97.01010101010101, 208, 3404, 25, 68.24242424242426
52, 300, 4876, 14, 98.42424242424242, 181, 3019, 29, 60.64646464646466
53, 300, 4863, 14, 98.26262626262621, 204, 3167, 27, 63.75757575757576
54, 301, 4912, 10, 98.40404040404039, 195, 3157, 28, 62.808080808080796
55, 298, 4874, 20, 98.2424242424242, 183, 3130, 28, 62.62626262626262
56, 303, 4866, 10, 98.020202020202, 187, 2934, 29, 59.15151515151517
57, 297, 4837, 20, 97.25252525252523, 184, 3028, 29, 60.50505050505051
58, 302, 4879, 7, 97.9191919191919, 197, 3192, 27, 63.81818181818182
59, 302, 4918, 15, 98.28282828282826, 197, 3109, 28, 62.02020202020202
60, 301, 4888, 11, 97.95959595959596, 194, 3144, 28, 62.66666666666668
61, 299, 4888, 9, 98.22222222222217, 210, 3450, 26, 68.76767676767675
62, 300, 4850, 10, 97.97979797979797, 192, 3133, 26, 62.74747474747474
63, 292, 4769, 20, 96.22222222222217, 189, 3060, 29, 61.23232323232321
64, 301, 4827, 17, 97.47474747474743, 181, 2945, 29, 59.45454545454545
65, 299, 4855, 22, 97.35353535353535, 185, 2992, 29, 59.81818181818183
66, 295, 4840, 22, 97.49494949494951, 193, 3088, 29, 61.61616161616163
67, 303, 4887, 26, 98.0, 191, 3053, 29, 60.92929292929292
68, 304, 4876, 7, 98.3636363636363, 207, 3274, 26, 65.71717171717172
69, 303, 4879, 27, 98.08080808080808, 196, 3165, 27, 63.77777777777778
70, 297, 4849, 9, 97.51515151515147, 194, 3064, 27, 61.6161616161616
71, 301, 4871, 11, 97.79797979797975, 197, 3192, 26, 64.14141414141412
72, 301, 4898, 23, 98.06060606060605, 176, 2942, 29, 58.9090909090909
73, 298, 4885, 9, 98.6464646464646, 195, 3300, 25, 66.16161616161617
74, 306, 4881, 4, 98.72727272727273, 207, 3291, 25, 65.979797979798
75, 300, 4888, 11, 98.08080808080804, 185, 3084, 27, 61.474747474747495
76, 302, 4875, 10, 98.10101010101009, 196, 3204, 28, 64.38383838383838
77, 303, 4880, 9, 98.3636363636363, 188, 3143, 29, 63.37373737373739
78, 306, 4876, 14, 98.10101010101009, 192, 3079, 28, 61.63636363636365
79, 302, 4856, 13, 97.65656565656562, 186, 3079, 28, 61.515151515151516
80, 299, 4824, 22, 97.47474747474747, 178, 2964, 29, 59.3131313131313
81, 301, 4822, 24, 97.27272727272718, 188, 2975, 28, 59.959595959595966
82, 304, 4906, 8, 98.52525252525248, 201, 3234, 28, 64.9090909090909
83, 303, 4902, 13, 98.44444444444439, 211, 3385, 25, 67.93939393939395
84, 304, 4905, 15, 98.56565656565655, 187, 3108, 28, 61.7171717171717
85, 304, 4881, 20, 97.87878787878786, 205, 3287, 27, 65.85858585858585
86, 302, 4884, 6, 98.00000000000001, 192, 3164, 28, 63.232323232323196
87, 302, 4883, 13, 98.18181818181816, 195, 3256, 26, 65.19191919191918
88, 298, 4847, 20, 97.37373737373734, 178, 2927, 29, 58.64646464646466
89, 303, 4863, 11, 97.95959595959594, 204, 3252, 27, 65.37373737373737
90, 304, 4894, 9, 98.88888888888887, 221, 3674, 22, 73.8787878787879
91, 300, 4837, 27, 96.90909090909085, 216, 3431, 25, 68.78787878787878
92, 304, 4871, 14, 98.06060606060608, 217, 3466, 24, 69.37373737373737
93, 307, 4906, 13, 98.4242424242424, 204, 3364, 25, 67.6363636363637
94, 303, 4876, 18, 97.89898989898994, 197, 3156, 27, 63.333333333333336
95, 297, 4797, 9, 96.24242424242426, 194, 3061, 28, 60.92929292929292
96, 302, 4852, 25, 97.11111111111106, 203, 3244, 27, 64.5656565656566
97, 299, 4828, 27, 96.8686868686868, 192, 3039, 29, 60.525252525252505
98, 298, 4871, 11, 97.89898989898984, 188, 3087, 28, 61.67676767676766
99, 303, 4847, 29, 97.23232323232324, 195, 3134, 27, 62.60606060606063
100, 302, 4850, 16, 97.85858585858583, 186, 2956, 28, 59.030303030303024
101, 301, 4867, 13, 98.1414141414141, 195, 3116, 27, 62.26262626262627
102, 296, 4837, 24, 97.53535353535352, 208, 3425, 25, 68.90909090909092
103, 293, 4757, 26, 95.87878787878786, 185, 2962, 29, 59.53535353535354
104, 303, 4851, 13, 98.12121212121214, 192, 3103, 27, 62.585858585858574
105, 294, 4827, 26, 97.07070707070702, 199, 3216, 27, 64.22222222222223
106, 303, 4866, 21, 97.51515151515153, 187, 3053, 29, 60.626262626262616
107, 303, 4841, 20, 97.1919191919192, 192, 3132, 27, 62.42424242424242
108, 302, 4875, 23, 97.75757575757575, 197, 3151, 28, 62.82828282828281
109, 306, 4904, 9, 98.40404040404039, 212, 3388, 26, 67.67676767676772
110, 306, 4849, 10, 97.93939393939388, 200, 3167, 28, 63.555555555555536
111, 308, 4905, 7, 98.56565656565658, 194, 3072, 29, 61.474747474747495
112, 304, 4891, 12, 97.95959595959596, 203, 3316, 26, 66.22222222222223
113, 301, 4840, 21, 97.07070707070702, 187, 2980, 29, 59.31313131313132
114, 304, 4872, 9, 97.61616161616158, 201, 3186, 26, 63.313131313131294
115, 302, 4885, 11, 98.04040404040403, 192, 2980, 29, 59.57575757575759
116, 307, 4896, 13, 98.10101010101009, 199, 3185, 27, 63.555555555555536
117, 303, 4862, 20, 97.8181818181818, 193, 3277, 26, 66.12121212121211
118, 308, 4897, 8, 98.36363636363636, 207, 3281, 27, 65.6161616161616
119, 304, 4851, 10, 97.59595959595954, 211, 3264, 26, 65.27272727272727
120, 302, 4873, 6, 98.34343434343434, 193, 3085, 28, 61.83838383838382
121, 304, 4871, 9, 97.93939393939388, 198, 3124, 28, 62.626262626262644
122, 308, 4906, 5, 98.66666666666663, 202, 3162, 27, 63.777777777777786
123, 303, 4833, 22, 97.55555555555556, 214, 3353, 25, 67.23232323232325
124, 302, 4843, 14, 97.89898989898988, 194, 3148, 28, 63.45454545454545
125, 300, 4868, 6, 98.22222222222219, 193, 3285, 26, 66.06060606060608
126, 297, 4801, 25, 96.76767676767675, 200, 3270, 27, 65.77777777777777
127, 294, 4844, 8, 97.3131313131313, 209, 3369, 27, 67.2121212121212
128, 306, 4859, 10, 97.5555555555555, 208, 3315, 26, 66.40404040404042
129, 308, 4894, 10, 98.3030303030303, 200, 3154, 28, 63.31313131313133
130, 306, 4908, 5, 98.7272727272727, 185, 2998, 29, 59.95959595959599
131, 303, 4849, 11, 97.2323232323232, 188, 2971, 29, 59.19191919191916
132, 297, 4791, 25, 95.97979797979797, 200, 3178, 29, 63.37373737373736
133, 305, 4904, 9, 98.74747474747471, 184, 3012, 29, 59.959595959595944
134, 307, 4878, 9, 97.9595959595959, 206, 3172, 27, 63.1111111111111
135, 297, 4854, 13, 97.49494949494948, 186, 3039, 29, 60.7878787878788
136, 309, 4895, 11, 98.20202020202017, 205, 3165, 28, 63.353535353535364
137, 306, 4861, 8, 98.14141414141409, 199, 3092, 28, 62.040404040404034
138, 298, 4818, 24, 97.23232323232315, 191, 3188, 27, 63.75757575757576
139, 303, 4869, 13, 97.9595959595959, 190, 3136, 29, 62.76767676767674
140, 304, 4874, 5, 98.10101010101009, 193, 3148, 28, 62.98989898989899
141, 306, 4875, 14, 97.61616161616165, 215, 3340, 27, 66.88888888888883
142, 307, 4903, 6, 98.58585858585857, 200, 3188, 26, 63.616161616161634
143, 304, 4883, 10, 98.12121212121208, 193, 3050, 29, 60.86868686868687
144, 305, 4852, 24, 97.75757575757572, 199, 3229, 27, 64.70707070707071
145, 308, 4898, 9, 98.66666666666664, 192, 3087, 28, 61.595959595959584
146, 305, 4893, 9, 98.06060606060602, 205, 3176, 28, 63.252525252525224
147, 306, 4853, 24, 97.67676767676765, 181, 3124, 28, 63.05050505050505
148, 310, 4875, 5, 98.18181818181816, 195, 3055, 29, 61.23232323232324
149, 310, 4907, 5, 98.6262626262626, 216, 3267, 28, 65.37373737373736
150, 305, 4874, 10, 97.75757575757572, 203, 3135, 29, 62.86868686868688
151, 303, 4862, 9, 97.89898989898984, 194, 3199, 28, 63.63636363636366
152, 303, 4818, 25, 96.96969696969693, 198, 3141, 28, 63.010101010101
153, 304, 4847, 14, 97.47474747474743, 191, 2982, 28, 59.414141414141426
154, 308, 4900, 11, 98.26262626262621, 199, 3241, 27, 64.60606060606061
155, 307, 4861, 21, 97.85858585858584, 198, 3198, 28, 63.83838383838383
156, 307, 4902, 18, 98.46464646464645, 205, 3190, 27, 64.04040404040403
157, 304, 4809, 25, 96.88888888888886, 209, 3112, 28, 62.36363636363635
158, 301, 4838, 10, 97.69696969696967, 201, 3223, 27, 64.68686868686868
159, 306, 4892, 15, 98.14141414141412, 194, 3076, 28, 61.313131313131294
160, 308, 4884, 13, 98.64646464646462, 188, 3090, 28, 61.83838383838384
161, 305, 4882, 10, 97.81818181818178, 198, 3098, 27, 61.81818181818183
162, 307, 4885, 12, 97.8383838383838, 189, 3015, 28, 59.898989898989896
163, 304, 4851, 12, 97.31313131313134, 208, 3166, 28, 63.37373737373736
164, 307, 4917, 3, 98.68686868686866, 220, 3482, 25, 69.47474747474752
165, 306, 4876, 12, 98.10101010101005, 196, 3114, 29, 62.14141414141413
166, 302, 4827, 24, 97.2323232323232, 194, 3126, 28, 63.01010101010101
167, 307, 4891, 8, 97.99999999999994, 205, 3227, 27, 64.16161616161617
168, 306, 4875, 18, 97.69696969696972, 196, 3167, 28, 63.030303030303024
169, 301, 4848, 18, 97.33333333333333, 182, 2961, 29, 59.09090909090911
170, 303, 4833, 25, 96.74747474747477, 219, 3318, 25, 66.4848484848485
171, 306, 4884, 7, 98.2424242424242, 203, 3152, 26, 63.19191919191918
172, 309, 4901, 12, 98.32323232323235, 206, 3172, 27, 63.55555555555554
173, 303, 4870, 6, 97.97979797979794, 201, 3180, 28, 63.353535353535335
174, 311, 4935, 8, 99.03030303030305, 205, 3230, 27, 64.22222222222224
175, 305, 4874, 13, 98.20202020202017, 192, 3059, 28, 61.010101010101
176, 306, 4846, 12, 97.55555555555556, 202, 3206, 27, 64.24242424242425
177, 311, 4916, 12, 98.76767676767676, 204, 3315, 27, 66.18181818181814
178, 308, 4891, 17, 98.48484848484848, 187, 3078, 29, 61.656565656565654
179, 308, 4838, 20, 97.41414141414141, 186, 2974, 29, 59.676767676767675
180, 311, 4907, 11, 98.42424242424244, 199, 3137, 28, 62.66666666666668
181, 307, 4904, 12, 97.95959595959594, 193, 3046, 28, 60.44444444444444
182, 308, 4887, 22, 97.93939393939394, 196, 3146, 27, 63.07070707070707
183, 309, 4884, 10, 98.34343434343431, 234, 3525, 23, 70.98989898989898
184, 311, 4893, 21, 98.34343434343437, 219, 3491, 27, 70.20202020202021
185, 306, 4850, 25, 97.59595959595961, 197, 3057, 27, 61.555555555555536
186, 307, 4885, 12, 97.65656565656566, 194, 3036, 29, 60.58585858585856
187, 302, 4825, 9, 97.5151515151515, 207, 3259, 27, 65.57575757575756
188, 305, 4864, 10, 97.91919191919189, 197, 3007, 28, 60.26262626262627
189, 305, 4879, 7, 98.34343434343431, 190, 3066, 27, 61.55555555555556
190, 309, 4861, 23, 97.59595959595954, 208, 3253, 26, 65.31313131313132
191, 307, 4896, 16, 97.8383838383838, 189, 3055, 28, 60.62626262626262
192, 305, 4867, 25, 97.69696969696967, 194, 3030, 28, 60.666666666666686
193, 304, 4808, 13, 96.7676767676768, 195, 3060, 28, 61.27272727272729
194, 303, 4864, 12, 97.83838383838382, 211, 3391, 25, 68.1212121212121
195, 309, 4884, 13, 97.85858585858584, 180, 2933, 29, 58.40404040404042
196, 304, 4860, 8, 97.89898989898991, 202, 3252, 27, 64.74747474747475
197, 308, 4820, 21, 97.25252525252522, 194, 3111, 26, 62.60606060606061
198, 307, 4902, 12, 98.26262626262626, 204, 3319, 26, 66.30303030303027
199, 307, 4875, 27, 97.85858585858584, 177, 2842, 29, 56.78787878787878
200, 304, 4878, 14, 98.30303030303028, 203, 3186, 28, 63.63636363636363
201, 308, 4859, 11, 97.69696969696966, 208, 3208, 26, 64.76767676767673
202, 309, 4876, 10, 98.1414141414141, 209, 3259, 26, 65.37373737373737
203, 309, 4913, 10, 98.50505050505045, 194, 3110, 28, 61.73737373737374
204, 309, 4878, 6, 98.38383838383841, 197, 3135, 28, 62.727272727272684
205, 307, 4872, 5, 98.40404040404039, 206, 3435, 25, 68.52525252525253
206, 308, 4845, 9, 97.29292929292929, 224, 3521, 26, 70.32323232323235
207, 309, 4896, 7, 98.22222222222223, 197, 3038, 29, 60.78787878787877
208, 309, 4909, 5, 98.78787878787875, 184, 3017, 29, 60.28282828282826
209, 303, 4840, 22, 97.21212121212122, 191, 2967, 28, 59.43434343434339
210, 308, 4907, 26, 98.06060606060602, 217, 3437, 24, 68.80808080808083
211, 304, 4798, 23, 96.8282828282828, 192, 2929, 29, 58.969696969696976
212, 306, 4823, 9, 97.39393939393938, 192, 2858, 29, 57.4949494949495
213, 310, 4895, 11, 98.66666666666669, 210, 3422, 26, 68.22222222222219
214, 305, 4874, 22, 97.67676767676768, 181, 2958, 28, 59.21212121212121
215, 310, 4865, 12, 97.79797979797979, 202, 3093, 27, 61.93939393939396
216, 312, 4893, 25, 98.24242424242425, 190, 3028, 29, 60.565656565656575
217, 308, 4893, 25, 98.20202020202015, 198, 3093, 28, 61.93939393939394
218, 308, 4887, 14, 98.42424242424241, 193, 3080, 28, 61.65656565656567
219, 309, 4905, 14, 98.34343434343431, 209, 3375, 25, 67.33333333333336
220, 304, 4837, 9, 97.57575757575758, 205, 3265, 26, 65.47474747474749
221, 308, 4836, 28, 97.2323232323232, 211, 3268, 26, 65.85858585858585
222, 307, 4827, 24, 96.72727272727269, 201, 3128, 28, 62.66666666666665
223, 309, 4910, 8, 98.56565656565652, 211, 3365, 26, 67.27272727272725
224, 309, 4837, 19, 96.98989898989899, 193, 2961, 29, 59.171717171717155
225, 310, 4886, 12, 98.4848484848485, 216, 3475, 25, 69.39393939393943
226, 307, 4867, 22, 97.51515151515147, 212, 3245, 27, 64.70707070707073
227, 301, 4820, 26, 97.17171717171713, 203, 3180, 27, 63.83838383838384
228, 307, 4818, 20, 97.07070707070702, 205, 3164, 28, 63.777777777777786
229, 312, 4876, 10, 97.91919191919189, 216, 3383, 25, 67.41414141414141
230, 305, 4836, 23, 97.13131313131308, 188, 3053, 29, 61.17171717171716
231, 307, 4893, 13, 98.12121212121208, 200, 3204, 28, 63.69696969696969
232, 308, 4881, 10, 98.02020202020195, 207, 3281, 27, 65.55555555555554
233, 313, 4908, 5, 98.88888888888889, 191, 3082, 28, 61.65656565656564
234, 306, 4885, 26, 98.18181818181816, 182, 3007, 29, 60.202020202020186
235, 309, 4907, 21, 98.68686868686866, 194, 3059, 28, 61.29292929292926
236, 307, 4850, 24, 97.87878787878788, 215, 3318, 26, 66.84848484848484
237, 309, 4882, 6, 98.48484848484843, 199, 3248, 27, 65.01010101010101
238, 310, 4914, 12, 98.14141414141412, 208, 3266, 27, 64.86868686868688
239, 308, 4849, 19, 97.81818181818184, 196, 3065, 29, 61.656565656565654
240, 313, 4915, 20, 98.58585858585857, 195, 3064, 29, 60.969696969696976
241, 311, 4887, 14, 98.52525252525253, 212, 3350, 26, 66.88888888888884
242, 306, 4889, 11, 98.2424242424242, 208, 3364, 25, 67.65656565656566
243, 307, 4864, 12, 97.79797979797979, 206, 3313, 27, 66.08080808080807
244, 310, 4890, 12, 98.04040404040403, 206, 3180, 28, 63.77777777777779
245, 311, 4884, 11, 98.30303030303027, 195, 3014, 28, 60.42424242424244
246, 307, 4875, 13, 98.20202020202018, 197, 3172, 27, 63.555555555555586
247, 308, 4867, 10, 97.95959595959594, 206, 3154, 28, 62.70707070707071
248, 309, 4858, 14, 97.87878787878788, 194, 3022, 29, 60.484848484848484
249, 314, 4929, 19, 98.82828282828282, 211, 3252, 28, 65.01010101010105
250, 312, 4899, 12, 98.42424242424241, 201, 3144, 28, 62.80808080808079
251, 311, 4872, 25, 97.4545454545454, 203, 3167, 27, 62.86868686868689
252, 308, 4852, 22, 97.49494949494945, 196, 3128, 28, 62.86868686868689
253, 306, 4847, 18, 97.75757575757575, 189, 3008, 29, 60.303030303030305
254, 303, 4842, 15, 97.19191919191921, 183, 3008, 29, 59.757575757575765
255, 307, 4870, 24, 97.93939393939391, 192, 3077, 28, 61.81818181818182
256, 311, 4859, 20, 97.93939393939391, 207, 3236, 26, 64.68686868686868
257, 311, 4889, 17, 98.16161616161614, 206, 3276, 27, 65.15151515151517
258, 311, 4878, 26, 98.10101010101009, 203, 3237, 27, 64.92929292929294
259, 311, 4888, 20, 98.26262626262626, 188, 2978, 28, 59.3131313131313
260, 310, 4889, 14, 98.20202020202011, 209, 3338, 27, 66.4040404040404
261, 309, 4883, 23, 98.36363636363639, 197, 3133, 27, 63.05050505050505
262, 304, 4867, 9, 98.18181818181816, 203, 3259, 26, 65.15151515151517
263, 314, 4895, 15, 98.14141414141409, 190, 2941, 29, 58.78787878787882
264, 312, 4861, 25, 97.79797979797982, 205, 3164, 26, 63.19191919191918
265, 310, 4869, 14, 98.44444444444441, 214, 3380, 26, 67.61616161616162
266, 307, 4809, 24, 97.21212121212119, 202, 3157, 28, 63.47474747474747
267, 311, 4899, 11, 98.34343434343431, 210, 3324, 27, 66.64646464646466
268, 312, 4921, 11, 98.50505050505046, 200, 3133, 28, 62.72727272727275
269, 310, 4886, 21, 97.97979797979794, 211, 3244, 27, 64.78787878787877
270, 306, 4870, 16, 97.7373737373737, 194, 3049, 28, 61.37373737373735
271, 310, 4886, 29, 98.12121212121208, 185, 3081, 28, 61.95959595959596
272, 312, 4895, 10, 98.38383838383838, 205, 3189, 29, 63.636363636363654
273, 310, 4919, 17, 98.40404040404039, 207, 3313, 26, 66.0808080808081
274, 310, 4867, 12, 97.55555555555551, 199, 3027, 28, 60.36363636363635
275, 312, 4904, 11, 98.70707070707067, 200, 3095, 28, 61.616161616161605
276, 309, 4846, 16, 97.73737373737372, 218, 3342, 25, 66.8888888888889
277, 304, 4844, 12, 97.65656565656566, 214, 3246, 27, 65.15151515151517
278, 310, 4853, 11, 97.45454545454545, 196, 3063, 28, 61.71717171717171
279, 310, 4858, 7, 97.95959595959596, 205, 3162, 28, 63.25252525252528
280, 313, 4901, 9, 98.1212121212121, 198, 3076, 28, 61.191919191919204
281, 306, 4820, 22, 96.94949494949493, 215, 3259, 27, 65.07070707070709
282, 307, 4830, 15, 97.71717171717172, 201, 3212, 26, 64.5050505050505
283, 305, 4837, 7, 97.1919191919192, 202, 3343, 25, 66.98989898989903
284, 310, 4889, 24, 98.06060606060602, 202, 3284, 26, 65.91919191919192
285, 308, 4878, 10, 97.97979797979794, 212, 3352, 26, 67.13131313131315
286, 312, 4901, 21, 98.4040404040404, 200, 3113, 28, 62.22222222222222
287, 309, 4893, 9, 98.22222222222217, 205, 3198, 27, 64.1616161616162
288, 313, 4917, 12, 98.46464646464642, 199, 3086, 29, 61.35353535353534
289, 310, 4834, 13, 97.47474747474743, 227, 3505, 24, 70.52525252525254
290, 310, 4869, 7, 98.10101010101009, 202, 3151, 27, 63.15151515151516
291, 314, 4910, 4, 99.11111111111109, 218, 3265, 27, 65.25252525252526
292, 305, 4830, 24, 97.4141414141414, 199, 3243, 27, 64.96969696969695
293, 311, 4912, 9, 98.66666666666661, 189, 3030, 28, 60.08080808080807
294, 306, 4856, 18, 97.75757575757574, 199, 3191, 28, 64.08080808080811
295, 307, 4841, 25, 97.35353535353529, 202, 3154, 27, 62.72727272727271
296, 312, 4864, 25, 98.1010101010101, 210, 3342, 24, 67.15151515151517
297, 314, 4896, 9, 98.58585858585859, 206, 3210, 27, 64.34343434343434
298, 310, 4848, 24, 97.15151515151513, 223, 3489, 26, 69.8989898989899
299, 309, 4880, 20, 98.16161616161611, 211, 3278, 27, 65.83838383838382
300, 313, 4859, 12, 97.81818181818178, 191, 2935, 29, 58.707070707070706
301, 311, 4867, 23, 97.71717171717175, 195, 3077, 28, 61.33333333333332
302, 314, 4930, 10, 98.94949494949495, 206, 3321, 25, 66.76767676767678
303, 312, 4839, 25, 97.47474747474743, 201, 3101, 29, 62.18181818181817
304, 314, 4896, 26, 98.44444444444443, 189, 3066, 29, 61.21212121212122
305, 306, 4830, 16, 97.09090909090908, 197, 3119, 28, 62.14141414141416
306, 311, 4891, 10, 98.38383838383838, 183, 2932, 29, 58.78787878787875
307, 310, 4882, 7, 98.08080808080803, 196, 2997, 28, 59.75757575757576
308, 313, 4897, 15, 98.56565656565655, 200, 3088, 29, 62.1212121212121
309, 311, 4890, 21, 98.16161616161617, 189, 3016, 28, 60.38383838383837
310, 307, 4860, 25, 97.41414141414138, 207, 3321, 26, 65.8989898989899
311, 310, 4848, 10, 97.49494949494948, 206, 3142, 28, 63.23232323232324
312, 311, 4854, 24, 97.57575757575754, 218, 3327, 26, 66.68686868686869
313, 313, 4891, 6, 98.10101010101009, 218, 3348, 26, 67.05050505050504
314, 313, 4874, 11, 97.91919191919189, 205, 3144, 28, 62.72727272727271
315, 306, 4859, 13, 97.25252525252523, 197, 3115, 28, 62.32323232323231
316, 310, 4822, 26, 96.98989898989893, 230, 3431, 24, 68.8080808080808
317, 314, 4906, 7, 98.64646464646461, 200, 3281, 26, 65.6969696969697
318, 309, 4845, 12, 97.57575757575754, 203, 3168, 28, 63.35353535353538
319, 306, 4797, 25, 96.5050505050505, 207, 3161, 28, 63.171717171717184
320, 313, 4880, 22, 97.95959595959597, 217, 3350, 25, 66.58585858585859
321, 315, 4898, 11, 98.54545454545453, 227, 3523, 24, 70.70707070707074
322, 312, 4889, 7, 98.32323232323235, 194, 3175, 27, 63.67676767676767
323, 313, 4863, 9, 97.7777777777778, 211, 3155, 28, 63.09090909090909
324, 311, 4892, 7, 98.72727272727268, 198, 3181, 27, 63.77777777777781
325, 313, 4893, 5, 98.62626262626259, 217, 3410, 25, 68.44444444444443
326, 318, 4931, 6, 98.90909090909089, 198, 3150, 27, 63.292929292929294
327, 312, 4879, 12, 98.02020202020196, 208, 3220, 27, 64.40404040404042
328, 303, 4796, 24, 96.2222222222222, 222, 3505, 25, 70.04040404040403
329, 309, 4876, 9, 98.34343434343432, 191, 3135, 28, 63.03030303030301
330, 306, 4843, 18, 97.57575757575759, 194, 3102, 28, 62.262626262626284
331, 311, 4841, 13, 97.53535353535352, 217, 3408, 25, 68.06060606060609
332, 309, 4867, 25, 97.5555555555555, 197, 3044, 29, 60.54545454545452
333, 310, 4859, 12, 97.69696969696973, 216, 3352, 26, 67.25252525252527
334, 308, 4869, 11, 98.20202020202017, 191, 3032, 29, 60.484848484848484
335, 306, 4854, 21, 97.47474747474747, 195, 3020, 28, 60.74747474747477
336, 312, 4858, 21, 97.61616161616158, 202, 3073, 27, 62.101010101010075
337, 312, 4862, 19, 97.95959595959592, 200, 3037, 29, 60.484848484848484
338, 315, 4884, 9, 98.42424242424242, 217, 3268, 27, 65.35353535353535
339, 311, 4881, 10, 98.68686868686866, 193, 3038, 28, 60.96969696969699
340, 313, 4911, 10, 98.24242424242422, 210, 3305, 27, 66.18181818181822
341, 310, 4871, 15, 97.47474747474746, 201, 3108, 28, 61.93939393939394
342, 314, 4899, 11, 98.34343434343432, 201, 3110, 28, 62.4040404040404
343, 315, 4897, 11, 98.52525252525248, 201, 3099, 29, 62.16161616161617
344, 312, 4892, 9, 98.22222222222217, 207, 3373, 27, 67.6969696969697
345, 311, 4865, 21, 97.89898989898991, 201, 3070, 29, 61.616161616161634
346, 310, 4875, 13, 98.04040404040397, 191, 2967, 29, 58.96969696969697
347, 306, 4848, 25, 97.55555555555554, 184, 2906, 29, 58.30303030303031
348, 311, 4875, 10, 98.44444444444439, 217, 3286, 27, 65.93939393939395
349, 313, 4854, 13, 97.65656565656563, 218, 3353, 27, 67.35353535353538
350, 312, 4890, 10, 98.16161616161611, 182, 2906, 29, 58.30303030303033
351, 311, 4898, 16, 98.52525252525248, 206, 3101, 28, 62.18181818181817
352, 313, 4879, 20, 98.3232323232323, 203, 3227, 26, 65.05050505050504
353, 314, 4884, 14, 98.04040404040404, 198, 3047, 29, 61.010101010101
354, 313, 4892, 21, 97.97979797979794, 202, 3298, 26, 65.71717171717172
355, 314, 4893, 23, 97.91919191919197, 187, 2849, 29, 56.78787878787879
356, 311, 4829, 21, 97.19191919191911, 197, 2971, 28, 59.47474747474746
357, 312, 4894, 29, 97.95959595959594, 198, 3215, 27, 64.34343434343437
358, 311, 4841, 18, 97.77777777777777, 193, 3046, 28, 61.05050505050506
359, 311, 4855, 9, 97.87878787878792, 190, 3006, 29, 60.38383838383837
360, 314, 4894, 11, 98.54545454545458, 209, 3207, 27, 64.28282828282826
361, 310, 4866, 10, 97.81818181818178, 223, 3438, 26, 68.88888888888886
362, 312, 4840, 13, 97.77777777777774, 198, 3157, 27, 63.13131313131312
363, 311, 4820, 22, 97.15151515151513, 208, 3121, 28, 62.7070707070707
364, 311, 4783, 10, 96.50505050505045, 212, 3206, 27, 64.44444444444446
365, 316, 4904, 9, 98.32323232323229, 218, 3379, 26, 67.21212121212122
366, 313, 4855, 20, 97.57575757575758, 217, 3441, 25, 69.27272727272727
367, 310, 4860, 20, 97.73737373737372, 212, 3335, 26, 66.76767676767676
368, 319, 4926, 9, 98.98989898989898, 203, 3086, 27, 62.10101010101012
369, 314, 4891, 25, 98.10101010101006, 194, 3165, 28, 63.434343434343425
370, 314, 4869, 23, 97.81818181818178, 200, 2994, 29, 59.93939393939396
371, 308, 4857, 24, 97.33333333333331, 210, 3350, 26, 66.9090909090909
372, 314, 4870, 13, 98.30303030303025, 190, 2909, 29, 58.28282828282829
373, 310, 4833, 14, 97.59595959595958, 190, 2838, 29, 57.19191919191919
374, 312, 4845, 26, 97.57575757575752, 230, 3348, 25, 67.11111111111111
375, 314, 4851, 23, 97.83838383838382, 202, 3127, 28, 63.05050505050506
376, 312, 4876, 7, 98.1212121212121, 219, 3304, 27, 65.85858585858585
377, 316, 4920, 12, 98.64646464646466, 196, 3081, 28, 61.77777777777777
378, 313, 4873, 8, 98.12121212121214, 191, 3040, 28, 60.7070707070707
379, 312, 4858, 26, 97.6969696969697, 207, 3227, 26, 64.94949494949498
380, 315, 4898, 9, 98.3030303030303, 200, 3055, 29, 61.05050505050502
381, 314, 4865, 17, 97.67676767676762, 214, 3196, 28, 63.83838383838384
382, 316, 4904, 6, 98.42424242424237, 223, 3310, 26, 66.38383838383835
383, 317, 4932, 10, 98.68686868686866, 197, 3066, 29, 61.09090909090908
384, 312, 4846, 20, 97.51515151515152, 217, 3267, 26, 65.6969696969697
385, 316, 4880, 16, 98.16161616161614, 210, 3282, 26, 65.83838383838386
386, 315, 4865, 14, 98.20202020202018, 216, 3368, 26, 67.8989898989899
387, 314, 4870, 11, 98.06060606060602, 193, 3057, 28, 60.98989898989899
388, 315, 4919, 22, 98.3232323232323, 198, 3159, 28, 62.82828282828283
389, 317, 4899, 8, 98.62626262626259, 193, 3038, 29, 60.70707070707071
390, 318, 4898, 22, 98.3232323232323, 210, 3210, 28, 63.93939393939391
391, 311, 4874, 20, 97.63636363636358, 194, 3155, 28, 62.646464646464636
392, 314, 4876, 25, 98.18181818181816, 215, 3415, 26, 68.4848484848485
393, 314, 4861, 26, 97.3131313131313, 218, 3226, 28, 64.34343434343434
394, 311, 4829, 14, 97.13131313131314, 215, 3277, 26, 65.45454545454547
395, 313, 4898, 11, 98.26262626262626, 192, 3069, 29, 61.373737373737384
396, 314, 4893, 8, 98.28282828282828, 190, 3093, 29, 61.49494949494949
397, 313, 4881, 23, 97.79797979797976, 203, 3042, 29, 60.86868686868683
398, 315, 4895, 15, 98.58585858585859, 212, 3215, 27, 64.54545454545456
399, 311, 4861, 6, 98.08080808080804, 209, 3244, 27, 65.03030303030303
400, 315, 4914, 7, 99.03030303030305, 204, 3252, 26, 65.29292929292927
401, 310, 4835, 22, 97.31313131313131, 200, 3034, 28, 60.68686868686866
402, 314, 4822, 12, 97.07070707070707, 209, 3159, 29, 63.25252525252525
403, 313, 4856, 25, 97.53535353535352, 205, 3024, 29, 60.58585858585862
404, 316, 4888, 20, 98.04040404040403, 214, 3355, 26, 67.45454545454545
405, 309, 4840, 24, 97.25252525252522, 215, 3396, 24, 68.22222222222221
406, 313, 4886, 10, 98.24242424242416, 190, 3011, 29, 59.93939393939392
407, 312, 4877, 12, 97.89898989898988, 215, 3357, 26, 67.31313131313131
408, 313, 4841, 22, 97.25252525252523, 205, 3083, 28, 62.04040404040402
409, 312, 4828, 16, 97.49494949494951, 197, 2981, 29, 59.75757575757574
410, 312, 4875, 13, 98.06060606060605, 190, 3060, 28, 61.5353535353535
411, 310, 4846, 21, 97.13131313131309, 224, 3459, 26, 69.19191919191917
412, 314, 4900, 5, 98.90909090909095, 201, 3077, 28, 61.898989898989875
413, 313, 4877, 10, 97.85858585858578, 214, 3198, 27, 63.99999999999999
414, 313, 4863, 13, 97.93939393939394, 196, 3021, 29, 60.34343434343435
415, 312, 4865, 22, 97.93939393939391, 201, 3160, 28, 63.474747474747474
416, 314, 4886, 16, 98.20202020202017, 209, 3201, 26, 64.12121212121212
417, 312, 4894, 7, 98.3232323232323, 200, 3192, 28, 63.95959595959598
418, 319, 4883, 8, 98.44444444444446, 212, 3151, 28, 63.1111111111111
419, 317, 4892, 12, 98.48484848484847, 219, 3347, 26, 67.07070707070709
420, 316, 4893, 11, 98.64646464646465, 198, 3048, 29, 61.11111111111113
421, 317, 4897, 25, 98.48484848484847, 216, 3470, 25, 69.51515151515153
422, 314, 4862, 12, 97.95959595959594, 215, 3329, 26, 66.72727272727273
423, 313, 4862, 10, 97.61616161616159, 223, 3453, 25, 68.90909090909092
424, 313, 4862, 24, 97.37373737373737, 217, 3307, 26, 66.06060606060605
425, 315, 4894, 14, 98.66666666666667, 207, 3342, 26, 66.60606060606061
426, 315, 4889, 8, 97.93939393939395, 214, 3301, 26, 65.61616161616162
427, 317, 4894, 5, 98.52525252525245, 193, 2976, 29, 59.13131313131313
428, 316, 4905, 9, 98.44444444444439, 195, 3022, 28, 60.22222222222221
429, 320, 4930, 4, 99.15151515151511, 210, 3324, 27, 66.30303030303027
430, 314, 4878, 24, 97.55555555555551, 194, 3027, 29, 60.12121212121214
431, 315, 4866, 25, 97.77777777777774, 214, 3267, 27, 65.25252525252526
432, 314, 4882, 21, 97.97979797979797, 219, 3300, 27, 65.63636363636363
433, 316, 4858, 13, 98.08080808080808, 209, 3167, 26, 63.8181818181818
434, 317, 4878, 10, 98.32323232323229, 197, 2960, 28, 59.111111111111086
435, 310, 4825, 11, 97.17171717171713, 212, 3194, 28, 63.7171717171717
436, 319, 4885, 8, 98.4646464646464, 197, 3089, 29, 62.242424242424235
437, 317, 4887, 22, 98.2424242424242, 214, 3276, 25, 65.47474747474746
438, 312, 4847, 21, 97.49494949494945, 199, 3086, 28, 61.67676767676767
439, 320, 4928, 10, 99.3131313131313, 205, 3221, 27, 64.58585858585859
440, 318, 4889, 11, 98.24242424242422, 207, 3120, 27, 62.62626262626262
441, 308, 4812, 20, 97.010101010101, 211, 3228, 27, 64.80808080808082
442, 315, 4918, 6, 98.66666666666667, 213, 3302, 25, 66.2020202020202
443, 312, 4816, 10, 97.41414141414133, 214, 3192, 28, 64.24242424242424
444, 313, 4863, 6, 98.52525252525248, 202, 3265, 27, 65.6969696969697
445, 314, 4835, 23, 97.31313131313131, 208, 3204, 27, 64.2020202020202
446, 318, 4877, 21, 98.02020202020198, 200, 3075, 28, 61.37373737373736
447, 310, 4816, 24, 96.88888888888887, 239, 3628, 24, 72.6868686868687
448, 315, 4866, 25, 97.6363636363636, 203, 3097, 29, 61.75757575757574
449, 317, 4910, 25, 98.52525252525245, 207, 3207, 28, 64.06060606060608
450, 318, 4900, 16, 98.4242424242424, 207, 3168, 28, 63.41414141414141
451, 311, 4855, 15, 97.77777777777776, 197, 3090, 27, 62.16161616161615
452, 315, 4875, 9, 98.12121212121212, 198, 2969, 28, 59.29292929292929
453, 314, 4820, 23, 97.07070707070706, 217, 3221, 27, 64.66666666666667
454, 314, 4861, 11, 97.85858585858583, 212, 3193, 27, 63.77777777777777
455, 315, 4868, 16, 98.020202020202, 210, 3099, 28, 62.24242424242424
456, 311, 4843, 25, 97.13131313131316, 193, 2992, 29, 59.555555555555564
457, 319, 4911, 7, 99.25252525252525, 191, 2996, 28, 60.262626262626256
458, 319, 4910, 22, 98.52525252525251, 211, 3137, 29, 62.767676767676775
459, 317, 4899, 15, 98.24242424242425, 210, 3256, 27, 65.07070707070706
460, 320, 4935, 6, 99.05050505050504, 193, 3043, 28, 60.54545454545452
461, 315, 4863, 10, 97.93939393939391, 204, 3154, 28, 63.13131313131313
462, 318, 4900, 11, 98.12121212121215, 216, 3340, 26, 66.70707070707068
463, 317, 4891, 15, 98.30303030303028, 200, 3055, 28, 61.212121212121204
464, 314, 4878, 13, 98.58585858585859, 197, 3115, 28, 62.48484848484846
465, 314, 4880, 12, 97.61616161616158, 205, 3131, 29, 62.66666666666668
466, 317, 4878, 22, 97.97979797979797, 212, 3223, 26, 64.80808080808082
467, 320, 4925, 9, 98.66666666666659, 205, 3145, 28, 62.56565656565654
468, 318, 4901, 10, 98.64646464646461, 214, 3275, 27, 65.15151515151518
469, 314, 4859, 13, 98.040404040404, 220, 3395, 25, 68.08080808080808
470, 318, 4896, 11, 98.58585858585857, 198, 3064, 29, 61.05050505050505
471, 319, 4907, 10, 98.12121212121212, 224, 3506, 24, 69.6767676767677
472, 314, 4864, 16, 97.27272727272724, 209, 3214, 27, 63.89898989898989
473, 314, 4845, 28, 97.25252525252522, 232, 3546, 24, 71.29292929292929
474, 316, 4887, 10, 98.38383838383835, 214, 3344, 25, 67.11111111111114
475, 309, 4819, 25, 96.90909090909089, 197, 3144, 26, 62.60606060606061
476, 313, 4847, 8, 97.75757575757578, 204, 3119, 29, 62.4040404040404
477, 320, 4939, 18, 98.98989898989898, 190, 2895, 29, 57.91919191919192
478, 316, 4899, 10, 98.18181818181814, 207, 3029, 29, 60.68686868686868
479, 318, 4881, 5, 98.16161616161618, 211, 3169, 27, 63.33333333333334
480, 314, 4911, 12, 98.2424242424242, 192, 2961, 29, 58.969696969696976
481, 318, 4902, 19, 98.38383838383838, 212, 3254, 27, 65.25252525252523
482, 319, 4919, 12, 98.58585858585859, 222, 3270, 26, 65.15151515151513
483, 312, 4858, 11, 97.75757575757574, 209, 3220, 27, 64.58585858585857
484, 316, 4909, 11, 98.66666666666667, 195, 3060, 28, 61.171717171717134
485, 316, 4856, 25, 97.6363636363636, 211, 3124, 29, 62.949494949494934
486, 315, 4865, 11, 97.85858585858588, 199, 2980, 29, 59.85858585858587
487, 315, 4876, 20, 97.97979797979794, 212, 3340, 25, 66.8080808080808
488, 317, 4879, 22, 98.06060606060602, 210, 3266, 27, 65.4343434343434
489, 317, 4887, 9, 98.28282828282825, 200, 3168, 27, 63.434343434343404
490, 317, 4922, 11, 98.58585858585853, 211, 3107, 28, 61.77777777777781
491, 315, 4884, 11, 97.69696969696966, 221, 3351, 27, 66.66666666666664
492, 313, 4787, 24, 96.3232323232323, 203, 3046, 28, 61.35353535353534
493, 313, 4829, 21, 97.49494949494948, 208, 3171, 27, 63.494949494949495
494, 317, 4873, 12, 98.44444444444441, 195, 3043, 27, 61.29292929292927
495, 317, 4896, 16, 98.4242424242424, 221, 3421, 25, 68.92929292929291
496, 321, 4921, 10, 99.11111111111111, 205, 3072, 28, 61.616161616161605
497, 317, 4875, 26, 98.24242424242422, 209, 3313, 27, 66.84848484848484
498, 317, 4913, 10, 98.74747474747477, 201, 3212, 27, 64.44444444444444
499, 316, 4847, 22, 97.11111111111109, 209, 3259, 26, 65.25252525252525
500, 315, 4911, 4, 99.03030303030302, 212, 3255, 26, 65.47474747474746
501, 314, 4903, 10, 98.56565656565651, 195, 3107, 27, 62.10101010101011
502, 319, 4895, 15, 98.36363636363633, 203, 3004, 27, 60.14141414141414
503, 318, 4885, 14, 98.18181818181816, 196, 3012, 29, 60.323232323232304
504, 316, 4880, 6, 97.99999999999996, 210, 3180, 27, 63.595959595959606
505, 316, 4851, 21, 97.61616161616159, 213, 3197, 27, 63.61616161616162
506, 315, 4873, 8, 98.040404040404, 212, 3394, 25, 67.81818181818184
507, 318, 4924, 11, 98.8686868686869, 209, 3135, 27, 62.68686868686868
508, 315, 4903, 19, 98.14141414141416, 192, 3025, 29, 59.99999999999998
509, 316, 4868, 13, 98.32323232323225, 197, 3049, 29, 61.454545454545446
510, 319, 4896, 25, 98.34343434343434, 225, 3305, 26, 66.32323232323235
511, 315, 4825, 20, 96.98989898989893, 211, 3132, 28, 62.34343434343433
512, 317, 4904, 9, 98.3232323232323, 203, 3130, 28, 62.828282828282816
513, 317, 4936, 6, 98.96969696969693, 204, 3152, 28, 62.78787878787877
514, 316, 4892, 12, 98.24242424242425, 221, 3363, 26, 67.35353535353535
515, 317, 4879, 14, 98.30303030303034, 223, 3331, 26, 66.86868686868686
516, 310, 4786, 27, 96.4646464646464, 201, 3159, 28, 63.49494949494949
517, 321, 4913, 6, 99.07070707070703, 215, 3288, 26, 66.14141414141415
518, 319, 4894, 11, 98.46464646464645, 207, 3100, 27, 62.020202020202014
519, 316, 4867, 16, 97.75757575757578, 196, 3056, 27, 61.23232323232327
520, 314, 4857, 11, 97.61616161616159, 195, 3101, 28, 61.85858585858585
521, 313, 4869, 12, 97.47474747474746, 212, 3165, 27, 63.53535353535354
522, 320, 4883, 10, 98.50505050505049, 218, 3351, 27, 67.03030303030305
523, 318, 4893, 9, 98.46464646464645, 197, 2971, 29, 59.33333333333332
524, 318, 4887, 14, 98.2424242424242, 205, 3153, 27, 63.09090909090911
525, 320, 4907, 13, 98.90909090909085, 211, 3153, 28, 63.53535353535353
526, 315, 4849, 9, 97.83838383838378, 199, 3030, 28, 60.969696969696976
527, 314, 4837, 21, 97.11111111111107, 197, 3047, 29, 60.7070707070707
528, 315, 4893, 16, 98.26262626262624, 208, 3325, 26, 66.56565656565658
529, 320, 4890, 16, 98.80808080808079, 213, 3276, 25, 65.93939393939397
530, 317, 4936, 10, 99.11111111111107, 198, 3005, 29, 60.24242424242424
531, 317, 4854, 23, 97.75757575757575, 215, 3151, 27, 63.313131313131294
532, 315, 4871, 24, 97.39393939393936, 210, 3069, 29, 61.35353535353533
533, 318, 4884, 6, 98.4646464646464, 218, 3402, 26, 68.24242424242426
534, 312, 4866, 23, 98.02020202020196, 216, 3335, 26, 66.7676767676768
535, 319, 4887, 7, 98.10101010101009, 223, 3312, 26, 65.81818181818183
536, 319, 4865, 13, 98.26262626262624, 212, 3205, 28, 64.52525252525251
537, 315, 4876, 12, 97.93939393939392, 194, 3000, 28, 60.16161616161615
538, 317, 4896, 7, 98.36363636363636, 190, 2975, 29, 59.35353535353536
539, 319, 4893, 8, 98.70707070707074, 208, 3089, 28, 61.95959595959598
540, 317, 4897, 14, 98.46464646464642, 205, 3147, 28, 62.84848484848484
541, 320, 4913, 5, 98.64646464646462, 194, 2960, 29, 58.92929292929292
542, 316, 4865, 13, 98.10101010101005, 197, 3074, 27, 61.2929292929293
543, 317, 4887, 7, 98.20202020202017, 215, 3249, 28, 64.98989898989899
544, 319, 4882, 24, 98.22222222222219, 223, 3382, 26, 68.18181818181819
545, 320, 4913, 14, 98.92929292929291, 212, 3198, 27, 64.34343434343432
546, 315, 4838, 22, 97.63636363636365, 225, 3315, 25, 66.88888888888889
547, 320, 4843, 22, 97.59595959595958, 202, 3005, 28, 60.36363636363634
548, 321, 4934, 8, 98.8080808080808, 216, 3293, 27, 66.24242424242422
549, 320, 4936, 7, 99.03030303030303, 199, 3105, 27, 62.0
550, 315, 4883, 7, 98.8282828282828, 211, 3314, 26, 66.50505050505055
551, 318, 4889, 21, 98.12121212121208, 221, 3277, 26, 66.04040404040404
552, 314, 4873, 20, 97.4949494949495, 204, 3127, 28, 62.52525252525252
553, 316, 4882, 16, 98.08080808080801, 218, 3271, 26, 65.71717171717174
554, 320, 4904, 16, 98.66666666666664, 202, 3268, 26, 65.4343434343434
555, 319, 4879, 24, 98.08080808080804, 210, 3306, 25, 66.3030303030303
556, 314, 4859, 12, 98.26262626262621, 204, 3274, 26, 65.95959595959596
557, 312, 4832, 22, 97.11111111111109, 212, 3204, 27, 63.878787878787875
558, 320, 4881, 24, 98.04040404040403, 202, 3066, 27, 61.17171717171716
559, 324, 4934, 5, 99.0909090909091, 202, 3087, 28, 61.51515151515151
560, 320, 4904, 8, 98.54545454545453, 210, 3134, 28, 62.84848484848484
561, 313, 4835, 24, 97.35353535353534, 214, 3222, 27, 64.5656565656566
562, 314, 4849, 21, 97.51515151515147, 206, 3206, 26, 64.04040404040403
563, 313, 4814, 18, 96.88888888888887, 210, 3136, 28, 62.888888888888886
564, 319, 4869, 9, 98.30303030303027, 221, 3374, 25, 67.33333333333331
565, 322, 4940, 13, 98.84848484848477, 207, 3212, 27, 64.22222222222224
566, 318, 4891, 16, 98.1818181818182, 212, 3283, 28, 65.5959595959596
567, 313, 4848, 26, 97.27272727272724, 211, 3263, 27, 65.1111111111111
568, 321, 4886, 21, 98.14141414141405, 199, 3159, 28, 63.45454545454546
569, 318, 4847, 12, 98.20202020202012, 222, 3348, 25, 67.65656565656568
570, 318, 4879, 8, 98.34343434343434, 195, 2969, 29, 58.949494949494934
571, 318, 4898, 12, 98.08080808080807, 195, 2879, 29, 57.45454545454545
572, 322, 4893, 11, 99.11111111111111, 200, 3197, 27, 64.14141414141415
573, 323, 4902, 7, 99.05050505050504, 196, 2998, 29, 60.06060606060608
574, 319, 4849, 25, 97.59595959595954, 200, 3086, 28, 61.63636363636366
575, 309, 4829, 26, 96.64646464646462, 218, 3269, 26, 65.05050505050504
576, 317, 4885, 20, 98.40404040404039, 196, 3043, 29, 60.82828282828283
577, 314, 4846, 24, 97.31313131313131, 203, 3064, 28, 61.11111111111109
578, 312, 4819, 25, 96.989898989899, 220, 3370, 25, 67.49494949494948
579, 314, 4856, 25, 97.53535353535354, 195, 3132, 28, 62.7272727272727
580, 321, 4928, 3, 98.96969696969697, 205, 3233, 26, 64.32323232323233
581, 320, 4891, 20, 98.50505050505049, 224, 3442, 26, 69.37373737373737
582, 317, 4907, 9, 98.52525252525253, 198, 3045, 29, 61.01010101010102
583, 318, 4884, 13, 98.60606060606061, 212, 3271, 26, 65.85858585858585
584, 318, 4861, 11, 97.79797979797979, 227, 3474, 25, 69.39393939393942
585, 315, 4870, 9, 98.24242424242422, 194, 3021, 29, 60.626262626262616
586, 318, 4880, 12, 98.50505050505049, 218, 3316, 27, 66.50505050505049
587, 321, 4908, 25, 98.30303030303023, 218, 3214, 27, 64.04040404040406
588, 313, 4817, 25, 96.60606060606064, 202, 3121, 28, 62.42424242424241
589, 317, 4902, 8, 98.74747474747475, 193, 3110, 29, 62.48484848484848
590, 322, 4887, 26, 97.61616161616158, 210, 3166, 27, 62.969696969697004
591, 320, 4895, 13, 98.60606060606055, 204, 3051, 29, 61.23232323232321
592, 312, 4815, 22, 96.30303030303027, 205, 3127, 28, 62.34343434343435
593, 321, 4858, 5, 98.56565656565657, 207, 3150, 28, 63.23232323232321
594, 322, 4911, 2, 99.2323232323232, 195, 3034, 29, 61.11111111111113
595, 321, 4893, 21, 98.16161616161611, 207, 3140, 29, 62.78787878787877
596, 315, 4872, 21, 97.65656565656559, 219, 3356, 25, 67.01010101010102
597, 317, 4864, 9, 98.08080808080803, 207, 3236, 27, 64.56565656565658
598, 323, 4916, 8, 98.82828282828288, 192, 2975, 28, 59.51515151515151
599, 320, 4881, 26, 97.97979797979797, 189, 2904, 28, 57.959595959595966
600, 318, 4847, 16, 97.3333333333333, 218, 3340, 26, 66.9090909090909
601, 319, 4918, 13, 98.92929292929294, 204, 3241, 26, 64.50505050505049
602, 322, 4880, 10, 98.6262626262626, 209, 3111, 27, 62.46464646464647
603, 315, 4857, 8, 98.12121212121208, 214, 3282, 26, 65.67676767676768
604, 318, 4890, 28, 98.10101010101009, 199, 3035, 28, 60.424242424242415
605, 323, 4898, 5, 98.9090909090909, 201, 3144, 28, 63.13131313131313
606, 318, 4886, 21, 97.91919191919189, 221, 3315, 25, 66.20202020202021
607, 319, 4890, 5, 98.32323232323229, 196, 2914, 29, 58.101010101010075
608, 321, 4906, 10, 98.36363636363635, 198, 3094, 29, 61.43434343434343
609, 321, 4858, 8, 97.91919191919192, 219, 3223, 26, 64.94949494949495
610, 322, 4901, 9, 98.20202020202018, 228, 3357, 26, 66.94949494949495
611, 323, 4943, 6, 99.17171717171715, 209, 3268, 26, 65.45454545454545
612, 319, 4877, 21, 97.69696969696973, 217, 3196, 29, 64.1010101010101
613, 320, 4896, 5, 98.58585858585859, 209, 3094, 29, 61.797979797979814
614, 321, 4861, 12, 98.38383838383835, 195, 2957, 29, 59.31313131313132
615, 318, 4895, 9, 98.42424242424242, 203, 3043, 29, 61.11111111111113
616, 321, 4920, 16, 98.58585858585857, 196, 3105, 28, 61.71717171717171
617, 320, 4868, 24, 97.6767676767677, 214, 3066, 28, 61.27272727272728
618, 322, 4932, 8, 98.84848484848482, 209, 3215, 28, 64.34343434343434
619, 323, 4873, 8, 97.8585858585859, 228, 3500, 25, 69.91919191919192
620, 320, 4868, 19, 97.59595959595958, 184, 2934, 29, 58.90909090909093
621, 315, 4886, 8, 98.22222222222219, 210, 3120, 29, 62.282828282828284
622, 322, 4893, 10, 98.40404040404039, 202, 3058, 28, 61.31313131313132
623, 319, 4880, 21, 98.32323232323229, 221, 3379, 24, 67.97979797979801
624, 315, 4851, 13, 97.55555555555556, 206, 3129, 28, 62.767676767676804
625, 315, 4833, 24, 97.33333333333331, 204, 3128, 28, 62.64646464646466
626, 323, 4909, 16, 98.62626262626263, 224, 3533, 27, 70.24242424242426
627, 320, 4864, 8, 98.48484848484848, 199, 3130, 27, 62.585858585858574
628, 319, 4858, 13, 98.1616161616161, 193, 3034, 28, 60.74747474747474
629, 318, 4867, 25, 97.85858585858583, 227, 3568, 24, 71.61616161616162
630, 319, 4889, 16, 98.22222222222219, 204, 3137, 28, 63.17171717171717
631, 315, 4885, 11, 98.12121212121208, 212, 3223, 26, 64.56565656565658
632, 320, 4861, 9, 98.38383838383835, 223, 3324, 26, 66.52525252525253
633, 323, 4906, 8, 98.46464646464648, 226, 3356, 27, 66.92929292929294
634, 322, 4921, 5, 98.90909090909089, 207, 3147, 28, 63.050505050505016
635, 321, 4937, 16, 98.64646464646461, 211, 3229, 26, 64.52525252525255
636, 320, 4867, 14, 97.8383838383838, 213, 3220, 27, 64.52525252525253
637, 324, 4919, 9, 98.84848484848483, 204, 3189, 27, 63.89898989898991
638, 320, 4896, 14, 98.16161616161617, 202, 3118, 28, 62.34343434343435
639, 316, 4845, 25, 97.39393939393933, 225, 3402, 26, 68.06060606060606
640, 319, 4884, 23, 98.02020202020202, 202, 2942, 29, 59.25252525252526
641, 318, 4876, 21, 97.71717171717168, 218, 3263, 26, 65.3131313131313
642, 317, 4843, 24, 97.29292929292922, 209, 3060, 29, 60.94949494949495
643, 322, 4895, 7, 98.8080808080808, 210, 3265, 27, 65.49494949494948
644, 319, 4855, 25, 97.09090909090908, 209, 3256, 27, 65.23232323232324
645, 321, 4878, 23, 97.81818181818186, 204, 3130, 28, 62.424242424242415
646, 322, 4930, 6, 98.90909090909089, 207, 3222, 28, 64.44444444444444
647, 318, 4870, 7, 97.89898989898991, 211, 3273, 26, 65.35353535353535
648, 319, 4882, 24, 97.69696969696962, 214, 3243, 27, 64.6868686868687
649, 314, 4872, 15, 98.44444444444441, 201, 3128, 27, 62.54545454545454
650, 317, 4843, 23, 97.59595959595961, 198, 3000, 29, 59.737373737373716
651, 322, 4907, 5, 99.09090909090908, 234, 3545, 25, 71.11111111111114
652, 321, 4878, 25, 98.26262626262623, 209, 3273, 26, 65.79797979797982
653, 323, 4905, 22, 98.54545454545455, 201, 3068, 29, 61.2929292929293
654, 323, 4908, 9, 99.03030303030302, 204, 3160, 27, 63.33333333333334
655, 317, 4892, 6, 98.78787878787875, 207, 3172, 28, 63.83838383838384
656, 323, 4925, 13, 98.60606060606058, 207, 3231, 25, 64.52525252525254
657, 324, 4932, 5, 99.15151515151516, 199, 3111, 28, 62.80808080808079
658, 314, 4843, 11, 97.69696969696967, 198, 3064, 28, 61.393939393939384
659, 319, 4887, 9, 98.36363636363639, 207, 3029, 29, 60.78787878787877
660, 318, 4898, 11, 98.34343434343431, 212, 3323, 27, 66.34343434343434
661, 319, 4890, 13, 98.74747474747477, 204, 3130, 28, 62.50505050505048
662, 317, 4850, 14, 97.79797979797979, 223, 3389, 25, 67.71717171717172
663, 319, 4871, 15, 97.93939393939388, 213, 3237, 27, 64.50505050505052
664, 322, 4875, 12, 97.95959595959596, 206, 3068, 28, 61.43434343434342
665, 320, 4883, 22, 98.20202020202021, 197, 3017, 28, 60.62626262626262
666, 319, 4880, 8, 98.66666666666661, 210, 3168, 27, 63.85858585858585
667, 323, 4896, 7, 98.46464646464645, 207, 3184, 28, 63.65656565656565
668, 320, 4896, 9, 98.52525252525251, 215, 3234, 27, 64.34343434343434
669, 322, 4892, 26, 97.97979797979797, 222, 3379, 25, 67.81818181818184
670, 319, 4886, 26, 98.14141414141415, 198, 3030, 28, 60.94949494949495
671, 319, 4904, 5, 99.03030303030302, 193, 2935, 29, 58.72727272727272
672, 322, 4887, 18, 98.52525252525253, 216, 3314, 27, 66.42424242424244
673, 316, 4857, 9, 98.08080808080803, 211, 3265, 27, 65.63636363636363
674, 318, 4899, 13, 98.48484848484844, 225, 3380, 26, 67.61616161616162
675, 321, 4913, 11, 98.42424242424244, 209, 3106, 27, 62.12121212121211
676, 317, 4824, 24, 96.94949494949493, 193, 2933, 29, 58.94949494949494
677, 324, 4919, 6, 98.9292929292929, 216, 3290, 26, 65.7777777777778
678, 318, 4865, 10, 98.1616161616161, 202, 3117, 28, 62.70707070707071
679, 320, 4851, 14, 97.45454545454545, 224, 3347, 26, 67.07070707070706
680, 323, 4947, 8, 98.98989898989898, 204, 3157, 28, 63.19191919191918
681, 322, 4888, 20, 98.26262626262623, 226, 3371, 25, 67.25252525252525
682, 311, 4790, 25, 96.54545454545453, 202, 3032, 28, 60.92929292929291
683, 323, 4880, 17, 98.22222222222219, 201, 3190, 27, 64.34343434343434
684, 322, 4887, 13, 98.18181818181816, 200, 2997, 28, 60.16161616161615
685, 323, 4899, 9, 98.20202020202018, 204, 3140, 29, 62.56565656565655
686, 323, 4883, 17, 98.14141414141409, 208, 3121, 28, 62.161616161616145
687, 327, 4935, 7, 99.03030303030302, 206, 3132, 27, 62.828282828282816
688, 321, 4903, 20, 98.22222222222219, 210, 3294, 26, 65.93939393939392
689, 318, 4828, 25, 97.05050505050505, 211, 3210, 29, 64.14141414141416
690, 322, 4890, 10, 98.38383838383838, 223, 3397, 26, 68.34343434343435
691, 321, 4884, 14, 98.60606060606061, 204, 3062, 29, 61.79797979797981
692, 323, 4923, 6, 99.13131313131308, 205, 3149, 27, 62.74747474747475
693, 324, 4861, 20, 97.95959595959592, 228, 3476, 24, 69.39393939393942
694, 318, 4854, 12, 98.24242424242428, 190, 2984, 29, 60.06060606060607
695, 321, 4904, 5, 98.70707070707067, 200, 3069, 29, 61.191919191919204
696, 322, 4898, 6, 98.24242424242428, 204, 2974, 28, 59.515151515151494
697, 320, 4872, 28, 98.14141414141415, 207, 3172, 28, 63.37373737373736
698, 323, 4898, 13, 98.48484848484847, 214, 3152, 26, 63.19191919191918
699, 321, 4888, 12, 98.42424242424244, 198, 3180, 27, 63.83838383838385
700, 320, 4886, 8, 98.36363636363635, 218, 3197, 27, 64.14141414141416
701, 321, 4903, 16, 98.08080808080803, 200, 3131, 28, 62.4040404040404
702, 320, 4862, 25, 97.63636363636358, 216, 3191, 26, 64.0
703, 322, 4842, 23, 97.49494949494951, 209, 3052, 27, 61.15151515151518
704, 326, 4905, 10, 98.94949494949489, 228, 3384, 25, 68.14141414141415
705, 325, 4902, 12, 98.40404040404039, 206, 3077, 27, 61.47474747474747
706, 323, 4879, 28, 97.79797979797982, 214, 3205, 27, 64.06060606060608
707, 324, 4860, 21, 97.55555555555554, 222, 3292, 27, 65.5959595959596
708, 323, 4876, 26, 98.08080808080807, 200, 3108, 29, 62.28282828282829
709, 320, 4878, 11, 98.0808080808081, 228, 3372, 24, 67.13131313131314
710, 322, 4879, 9, 97.8383838383838, 197, 2960, 29, 59.3131313131313
711, 319, 4859, 14, 97.75757575757575, 220, 3278, 26, 65.45454545454548
712, 316, 4838, 11, 97.19191919191915, 215, 3189, 28, 63.656565656565654
713, 322, 4904, 6, 98.84848484848477, 209, 3223, 27, 64.46464646464645
714, 322, 4916, 3, 98.88888888888881, 212, 3245, 27, 65.0909090909091
715, 320, 4899, 10, 98.42424242424244, 205, 3157, 27, 62.92929292929293
716, 321, 4889, 13, 98.46464646464645, 207, 3118, 28, 62.52525252525252
717, 322, 4880, 14, 98.36363636363636, 210, 3110, 28, 62.202020202020186
718, 325, 4883, 8, 98.86868686868681, 210, 3234, 27, 64.94949494949496
719, 320, 4900, 20, 98.02020202020195, 198, 2998, 28, 59.53535353535354
720, 315, 4838, 25, 97.49494949494944, 197, 3017, 28, 60.888888888888864
721, 323, 4894, 10, 98.64646464646461, 211, 3106, 28, 62.121212121212125
722, 318, 4891, 20, 98.02020202020195, 206, 3187, 27, 63.35353535353536
723, 322, 4876, 7, 98.46464646464645, 213, 3099, 27, 62.04040404040405
724, 323, 4896, 7, 98.90909090909089, 204, 3003, 29, 60.42424242424242
725, 320, 4863, 25, 97.3131313131313, 249, 3665, 21, 73.53535353535352
726, 317, 4859, 24, 97.65656565656562, 222, 3306, 27, 65.85858585858583
727, 322, 4896, 20, 98.18181818181814, 201, 3069, 28, 61.17171717171716
728, 323, 4864, 11, 98.3030303030303, 219, 3260, 26, 65.6969696969697
729, 321, 4872, 18, 98.06060606060608, 203, 3080, 28, 61.67676767676767
730, 327, 4915, 8, 98.60606060606057, 226, 3339, 27, 66.34343434343434
731, 319, 4884, 20, 98.3232323232323, 210, 3299, 26, 66.02020202020202
732, 321, 4890, 10, 98.18181818181814, 216, 3194, 28, 63.51515151515151
733, 325, 4879, 10, 98.52525252525253, 199, 3072, 27, 61.31313131313133
734, 321, 4882, 10, 98.44444444444443, 210, 3192, 27, 64.34343434343434
735, 320, 4882, 24, 98.28282828282825, 225, 3450, 25, 69.19191919191917
736, 325, 4888, 14, 98.28282828282825, 204, 3044, 28, 60.74747474747474
737, 325, 4846, 7, 97.6969696969697, 219, 3309, 26, 66.76767676767676
738, 327, 4905, 9, 98.66666666666664, 213, 3276, 26, 65.65656565656566
739, 318, 4836, 26, 97.59595959595958, 205, 3046, 27, 61.05050505050502
740, 322, 4911, 7, 99.03030303030302, 219, 3388, 24, 67.89898989898994
741, 323, 4920, 23, 98.58585858585859, 200, 3037, 27, 60.5858585858586
742, 323, 4877, 12, 98.16161616161617, 202, 3034, 29, 61.15151515151516
743, 326, 4928, 15, 98.6868686868687, 215, 3150, 29, 62.72727272727273
744, 325, 4905, 3, 98.82828282828281, 226, 3441, 25, 68.68686868686866
745, 325, 4893, 6, 98.80808080808083, 222, 3382, 25, 67.71717171717172
746, 325, 4922, 8, 98.54545454545453, 222, 3257, 27, 65.1717171717172
747, 319, 4881, 7, 97.93939393939388, 205, 2989, 29, 59.61616161616162
748, 320, 4884, 6, 98.78787878787881, 202, 3085, 27, 61.81818181818182
749, 322, 4847, 11, 97.93939393939392, 209, 3087, 27, 61.91919191919192
750, 321, 4904, 11, 98.34343434343432, 210, 3094, 29, 61.575757575757564
751, 324, 4862, 25, 97.15151515151511, 221, 3199, 28, 63.81818181818177
752, 324, 4883, 14, 98.16161616161617, 216, 3095, 27, 62.40404040404043
753, 325, 4921, 10, 99.07070707070703, 209, 3249, 26, 65.1111111111111
754, 319, 4881, 20, 98.08080808080808, 188, 3045, 27, 60.969696969696955
755, 324, 4876, 13, 98.26262626262621, 214, 3186, 28, 64.26262626262621
756, 319, 4848, 13, 97.99999999999994, 211, 3265, 25, 65.35353535353535
757, 320, 4863, 25, 97.59595959595958, 210, 3145, 27, 62.424242424242394
758, 323, 4912, 8, 98.84848484848483, 209, 3223, 27, 64.64646464646465
759, 323, 4878, 12, 97.99999999999994, 214, 3163, 28, 62.98989898989902
760, 321, 4899, 8, 98.62626262626259, 200, 3111, 27, 62.36363636363638
761, 326, 4907, 12, 98.56565656565658, 227, 3378, 26, 67.45454545454545
762, 324, 4929, 10, 98.82828282828281, 199, 2955, 29, 58.96969696969697
763, 326, 4862, 29, 97.55555555555551, 204, 2987, 28, 59.434343434343425
764, 324, 4881, 7, 98.16161616161617, 222, 3187, 26, 63.83838383838384
765, 321, 4879, 15, 97.97979797979797, 205, 3137, 29, 62.46464646464649
766, 325, 4898, 7, 98.82828282828281, 203, 3212, 26, 64.18181818181819
767, 324, 4883, 14, 98.26262626262623, 208, 3134, 27, 63.13131313131312
768, 322, 4855, 9, 98.06060606060608, 209, 3018, 29, 60.64646464646464
769, 321, 4865, 16, 97.89898989898983, 204, 3052, 29, 60.969696969696976
770, 326, 4895, 15, 98.44444444444439, 186, 2964, 29, 59.53535353535354
771, 326, 4910, 5, 98.74747474747475, 207, 3047, 28, 60.96969696969696
772, 318, 4850, 23, 97.73737373737372, 204, 3157, 27, 63.41414141414141
773, 322, 4885, 12, 97.75757575757575, 189, 2845, 29, 56.88888888888888
774, 325, 4910, 12, 98.8686868686869, 212, 3096, 26, 61.979797979797944
775, 315, 4824, 20, 96.88888888888887, 211, 3140, 28, 62.5858585858586
776, 319, 4813, 25, 96.70707070707068, 211, 3144, 28, 63.23232323232324
777, 324, 4897, 11, 98.52525252525248, 197, 3004, 29, 60.24242424242426
778, 325, 4874, 22, 98.24242424242425, 223, 3307, 26, 66.46464646464646
779, 324, 4901, 12, 98.72727272727275, 212, 3161, 29, 62.969696969696955
780, 328, 4907, 9, 98.50505050505049, 200, 2996, 29, 60.020202020202
781, 324, 4883, 9, 98.68686868686866, 231, 3404, 26, 68.020202020202
782, 319, 4852, 26, 97.27272727272724, 205, 3041, 28, 60.949494949494934
783, 323, 4870, 8, 98.2424242424242, 216, 3261, 27, 65.71717171717172
784, 327, 4902, 16, 98.66666666666669, 210, 3150, 27, 63.11111111111112
785, 320, 4884, 12, 98.16161616161614, 202, 2959, 29, 59.19191919191918
786, 321, 4890, 22, 98.12121212121208, 209, 3096, 29, 61.95959595959596
787, 325, 4880, 8, 98.28282828282828, 203, 3039, 29, 60.626262626262644
788, 324, 4862, 12, 97.83838383838382, 233, 3400, 25, 67.85858585858588
789, 321, 4869, 11, 98.06060606060605, 216, 3200, 28, 63.75757575757576
790, 325, 4861, 13, 97.7373737373737, 238, 3488, 25, 69.81818181818181
791, 327, 4897, 9, 98.48484848484843, 222, 3224, 26, 64.94949494949496
792, 328, 4902, 7, 98.72727272727269, 211, 3112, 28, 62.282828282828284
793, 320, 4855, 12, 97.89898989898988, 231, 3387, 25, 67.99999999999999
794, 326, 4912, 6, 98.82828282828285, 225, 3409, 26, 68.32323232323235
795, 326, 4888, 28, 98.06060606060606, 236, 3574, 24, 71.43434343434343
796, 328, 4942, 12, 99.17171717171715, 231, 3426, 24, 68.74747474747475
797, 323, 4883, 23, 97.59595959595958, 205, 3192, 28, 63.93939393939393
798, 326, 4904, 6, 98.58585858585857, 207, 3202, 28, 64.26262626262627
799, 323, 4878, 10, 98.20202020202018, 205, 3036, 28, 60.84848484848482
800, 324, 4880, 12, 98.18181818181816, 221, 3384, 27, 67.91919191919195
801, 327, 4944, 12, 98.82828282828282, 216, 3186, 27, 63.676767676767696
802, 324, 4869, 24, 97.7171717171717, 232, 3413, 26, 67.85858585858585
803, 326, 4892, 11, 98.24242424242425, 217, 3168, 27, 63.23232323232321
804, 325, 4909, 5, 98.74747474747475, 211, 3158, 26, 63.19191919191919
805, 328, 4908, 12, 98.66666666666663, 205, 3138, 28, 62.54545454545454
806, 326, 4886, 21, 98.38383838383838, 213, 3237, 28, 64.90909090909088
807, 322, 4846, 22, 96.989898989899, 218, 3217, 26, 64.52525252525254
808, 325, 4912, 12, 98.52525252525253, 219, 3343, 26, 66.96969696969697
809, 326, 4877, 14, 98.38383838383844, 201, 3011, 29, 60.565656565656575
810, 323, 4863, 24, 98.08080808080808, 202, 3008, 28, 60.20202020202019
811, 322, 4859, 23, 98.040404040404, 201, 3125, 27, 62.383838383838395
812, 326, 4918, 11, 98.98989898989899, 183, 2995, 29, 59.97979797979798
813, 329, 4907, 8, 98.52525252525251, 197, 2882, 29, 57.21212121212121
814, 326, 4883, 19, 98.12121212121212, 227, 3316, 26, 66.64646464646462
815, 328, 4925, 9, 98.80808080808076, 214, 3177, 27, 63.51515151515154
816, 321, 4853, 16, 97.83838383838388, 200, 3003, 28, 60.424242424242436
817, 325, 4884, 13, 97.9595959595959, 227, 3317, 26, 66.40404040404042
818, 326, 4898, 10, 98.16161616161611, 207, 3134, 28, 62.86868686868686
819, 324, 4877, 10, 97.8787878787878, 221, 3240, 27, 64.64646464646464
820, 326, 4894, 11, 98.54545454545455, 211, 3110, 28, 61.95959595959598
821, 326, 4851, 7, 98.08080808080808, 203, 3108, 28, 62.484848484848456
822, 327, 4911, 7, 98.6262626262626, 219, 3246, 27, 64.50505050505049
823, 324, 4878, 10, 97.87878787878788, 232, 3346, 25, 66.9292929292929
824, 323, 4842, 24, 97.25252525252523, 202, 2922, 29, 58.424242424242436
825, 327, 4866, 25, 98.20202020202021, 229, 3357, 26, 67.37373737373737
826, 329, 4921, 13, 98.80808080808077, 221, 3299, 26, 65.89898989898985
827, 326, 4894, 22, 98.48484848484847, 220, 3291, 27, 65.57575757575755
828, 328, 4912, 22, 98.5454545454545, 217, 3233, 28, 64.68686868686868
829, 322, 4870, 16, 98.06060606060608, 196, 2964, 29, 59.13131313131314
830, 325, 4873, 15, 98.12121212121212, 211, 3120, 28, 62.303030303030305
831, 328, 4912, 10, 98.74747474747475, 212, 3142, 28, 62.46464646464646
832, 328, 4877, 7, 98.66666666666664, 216, 3174, 28, 63.55555555555554
833, 321, 4862, 15, 98.14141414141409, 225, 3338, 26, 66.76767676767676
834, 324, 4884, 15, 98.3232323232323, 208, 3041, 28, 60.868686868686844
835, 327, 4889, 24, 97.95959595959596, 206, 3032, 29, 60.66666666666669
836, 326, 4875, 25, 98.06060606060602, 204, 3064, 28, 61.21212121212123
837, 326, 4877, 12, 98.4242424242424, 209, 3241, 26, 65.05050505050504
838, 330, 4899, 24, 98.6464646464646, 203, 3001, 28, 59.89898989898988
839, 326, 4894, 7, 98.60606060606055, 205, 3097, 27, 62.48484848484849
840, 325, 4884, 5, 98.28282828282826, 219, 3221, 26, 64.80808080808079
841, 323, 4877, 25, 97.49494949494944, 209, 3066, 29, 61.07070707070705
842, 330, 4932, 20, 98.76767676767673, 209, 3015, 27, 60.363636363636374
843, 326, 4862, 9, 98.24242424242422, 216, 3144, 28, 62.808080808080796
844, 332, 4923, 9, 99.2727272727273, 213, 3202, 28, 64.4040404040404
845, 330, 4914, 6, 98.68686868686866, 218, 3235, 27, 64.58585858585855
846, 323, 4888, 21, 98.28282828282826, 219, 3287, 26, 65.41414141414143
847, 327, 4899, 17, 98.1212121212121, 224, 3253, 27, 65.01010101010098
848, 329, 4900, 20, 98.78787878787877, 212, 3128, 27, 62.76767676767679
849, 329, 4929, 12, 98.54545454545453, 211, 3174, 26, 63.414141414141405
850, 329, 4915, 7, 98.8686868686869, 206, 3105, 27, 62.24242424242425
851, 327, 4862, 25, 97.79797979797978, 230, 3256, 26, 65.5757575757576
852, 329, 4906, 9, 98.86868686868685, 219, 3282, 26, 65.83838383838385
853, 322, 4838, 24, 97.4343434343434, 213, 3195, 28, 64.24242424242425
854, 328, 4879, 26, 98.12121212121214, 229, 3355, 26, 67.09090909090908
855, 324, 4883, 15, 98.06060606060602, 191, 2936, 29, 58.36363636363634
856, 330, 4888, 14, 98.48484848484848, 212, 3178, 27, 63.85858585858587
857, 326, 4875, 6, 98.38383838383832, 210, 3177, 28, 63.87878787878787
858, 331, 4908, 12, 99.11111111111113, 206, 3028, 29, 60.74747474747474
859, 328, 4928, 8, 99.13131313131315, 212, 3222, 27, 64.44444444444446
860, 329, 4876, 25, 97.69696969696966, 198, 2890, 29, 57.45454545454545
861, 328, 4864, 11, 97.91919191919192, 223, 3324, 27, 66.92929292929291
862, 330, 4869, 10, 98.3030303030303, 236, 3373, 25, 67.33333333333333
863, 329, 4869, 27, 98.08080808080803, 212, 3115, 28, 62.22222222222222
864, 329, 4912, 8, 98.88888888888887, 222, 3286, 25, 65.89898989898991
865, 326, 4864, 9, 98.52525252525247, 233, 3439, 25, 69.25252525252525
866, 330, 4905, 7, 98.92929292929294, 190, 2938, 29, 58.58585858585857
867, 328, 4922, 9, 98.46464646464645, 200, 3126, 28, 62.585858585858574
868, 330, 4893, 10, 98.36363636363635, 221, 3142, 27, 62.9090909090909
869, 329, 4866, 16, 98.1010101010101, 234, 3383, 24, 67.85858585858588
870, 326, 4852, 28, 97.39393939393938, 200, 2968, 29, 59.636363636363654
871, 329, 4853, 8, 98.14141414141417, 236, 3439, 24, 69.13131313131314
872, 327, 4878, 4, 98.8080808080808, 208, 3192, 28, 64.4040404040404
873, 328, 4908, 21, 98.78787878787875, 210, 3401, 26, 67.81818181818181
874, 328, 4857, 7, 98.00000000000001, 228, 3394, 26, 68.04040404040401
875, 330, 4943, 12, 99.15151515151511, 221, 3246, 27, 64.6060606060606
876, 327, 4883, 12, 98.20202020202022, 215, 3174, 27, 63.212121212121204
877, 327, 4881, 10, 98.3030303030303, 222, 3289, 26, 65.77777777777777
878, 332, 4919, 7, 98.82828282828281, 229, 3313, 26, 66.54545454545455
879, 323, 4866, 24, 97.65656565656559, 236, 3413, 25, 68.32323232323235
880, 330, 4884, 8, 98.48484848484848, 227, 3400, 26, 68.50505050505049
881, 327, 4871, 7, 98.24242424242422, 227, 3373, 26, 67.6363636363636
882, 331, 4925, 8, 98.92929292929291, 209, 3197, 27, 63.91919191919192
883, 331, 4911, 14, 98.40404040404034, 230, 3367, 25, 67.35353535353534
884, 332, 4918, 10, 99.07070707070709, 198, 3129, 28, 62.181818181818194
885, 321, 4899, 10, 98.42424242424237, 189, 3090, 27, 61.454545454545446
886, 328, 4880, 9, 98.34343434343428, 195, 2904, 29, 58.22222222222221
887, 330, 4914, 13, 98.44444444444444, 218, 3259, 26, 65.47474747474746
888, 328, 4897, 8, 98.46464646464642, 221, 3251, 27, 64.90909090909085
889, 331, 4917, 7, 98.86868686868681, 207, 3212, 27, 64.52525252525251
890, 330, 4907, 6, 98.52525252525247, 213, 3207, 26, 64.24242424242422
891, 330, 4906, 9, 98.36363636363633, 200, 3074, 29, 61.29292929292929
892, 333, 4912, 23, 98.48484848484848, 216, 3151, 28, 63.13131313131315
893, 326, 4851, 22, 97.81818181818181, 198, 2995, 28, 59.878787878787875
894, 328, 4880, 7, 98.74747474747475, 215, 3200, 26, 64.5050505050505
895, 326, 4890, 11, 98.52525252525251, 214, 3182, 27, 63.818181818181834
896, 330, 4881, 11, 98.58585858585859, 212, 3128, 26, 62.72727272727272
897, 330, 4923, 9, 98.58585858585859, 234, 3389, 25, 67.83838383838385
898, 328, 4879, 13, 98.26262626262621, 209, 3179, 28, 63.09090909090909
899, 330, 4913, 21, 98.54545454545449, 208, 3082, 28, 61.25252525252522
900, 326, 4821, 21, 97.21212121212116, 232, 3262, 26, 65.85858585858585
901, 332, 4900, 15, 98.68686868686869, 214, 3202, 28, 63.6767676767677
902, 327, 4923, 10, 98.98989898989903, 221, 3359, 26, 67.13131313131315
903, 332, 4908, 8, 98.58585858585859, 203, 2962, 29, 59.353535353535364
904, 329, 4900, 12, 98.60606060606062, 201, 3064, 28, 61.13131313131311
905, 331, 4922, 14, 98.60606060606058, 222, 3342, 26, 66.62626262626262
906, 330, 4903, 7, 98.84848484848487, 225, 3315, 26, 66.48484848484844
907, 328, 4855, 26, 97.91919191919192, 195, 2946, 28, 59.19191919191916
908, 329, 4871, 20, 98.24242424242419, 227, 3313, 25, 66.78787878787881
909, 326, 4865, 20, 97.67676767676762, 212, 3204, 26, 64.20202020202021
910, 329, 4890, 25, 98.04040404040403, 214, 3106, 29, 61.676767676767696
911, 331, 4880, 12, 98.3232323232323, 218, 3290, 25, 66.00000000000001
912, 330, 4907, 10, 98.70707070707073, 205, 2999, 29, 60.04040404040405
913, 334, 4914, 12, 98.96969696969693, 199, 2978, 28, 59.45454545454545
914, 328, 4889, 6, 98.14141414141412, 207, 3074, 28, 61.75757575757574
915, 329, 4876, 13, 98.3232323232323, 238, 3486, 25, 69.69696969696967
916, 332, 4912, 17, 98.44444444444443, 215, 3080, 27, 61.717171717171716
917, 331, 4870, 11, 97.71717171717168, 229, 3304, 26, 66.24242424242425
918, 333, 4917, 7, 99.010101010101, 200, 3023, 29, 60.88888888888888
919, 334, 4948, 10, 99.13131313131314, 216, 3335, 27, 66.74747474747473
920, 332, 4918, 8, 98.76767676767679, 228, 3540, 24, 70.50505050505053
921, 328, 4896, 11, 98.18181818181814, 230, 3353, 26, 66.66666666666664
922, 335, 4947, 10, 99.010101010101, 221, 3301, 26, 65.85858585858583
923, 331, 4924, 7, 98.64646464646465, 215, 3259, 28, 64.80808080808079
924, 329, 4876, 15, 98.36363636363635, 224, 3357, 27, 67.2121212121212
925, 334, 4914, 12, 98.86868686868685, 207, 3220, 27, 64.64646464646468
926, 329, 4868, 6, 98.26262626262623, 207, 2969, 28, 59.454545454545446
927, 332, 4908, 9, 99.07070707070703, 214, 3228, 28, 64.82828282828285
928, 330, 4850, 17, 97.31313131313124, 214, 3124, 27, 62.36363636363635
929, 336, 4942, 13, 98.90909090909089, 215, 3181, 27, 63.57575757575758
930, 333, 4881, 10, 98.40404040404044, 217, 3143, 28, 63.050505050505016
931, 330, 4875, 11, 98.3232323232323, 211, 3108, 27, 62.58585858585859
932, 330, 4884, 21, 98.08080808080807, 226, 3340, 27, 66.72727272727275
933, 331, 4899, 22, 98.44444444444443, 206, 3157, 28, 63.474747474747474
934, 325, 4882, 25, 98.12121212121208, 224, 3459, 25, 69.35353535353534
935, 328, 4875, 5, 98.26262626262624, 203, 3107, 28, 62.08080808080807
936, 336, 4898, 7, 98.8080808080808, 213, 3112, 28, 62.202020202020186
937, 334, 4911, 9, 99.17171717171709, 197, 2915, 29, 58.323232323232325
938, 328, 4807, 23, 96.78787878787877, 202, 2936, 29, 59.11111111111112
939, 333, 4868, 14, 98.020202020202, 234, 3427, 26, 68.9090909090909
940, 328, 4885, 13, 98.10101010101009, 205, 3098, 27, 61.595959595959634
941, 333, 4922, 17, 98.62626262626263, 224, 3325, 26, 66.26262626262626
942, 334, 4921, 11, 98.9090909090909, 205, 3036, 26, 61.13131313131313
943, 333, 4863, 8, 97.85858585858585, 198, 2958, 29, 59.05050505050506
944, 329, 4868, 25, 97.55555555555551, 219, 3288, 26, 65.79797979797979
945, 333, 4901, 18, 98.70707070707071, 213, 3201, 28, 64.46464646464645
946, 330, 4867, 25, 98.20202020202021, 200, 2951, 29, 58.90909090909091
947, 324, 4874, 10, 98.08080808080804, 217, 3200, 27, 64.04040404040404
948, 335, 4885, 16, 98.3232323232323, 213, 3124, 29, 62.383838383838395
949, 331, 4863, 21, 97.83838383838382, 216, 3132, 29, 62.727272727272734
950, 335, 4910, 5, 98.98989898989895, 225, 3254, 26, 65.21212121212122
951, 332, 4907, 11, 98.42424242424241, 219, 3170, 27, 63.33333333333335
952, 335, 4933, 26, 98.76767676767675, 200, 2960, 28, 59.21212121212122
953, 331, 4855, 25, 97.73737373737372, 207, 2858, 29, 57.01010101010099
954, 336, 4943, 11, 99.15151515151511, 201, 2887, 29, 57.71717171717174
955, 337, 4925, 16, 98.84848484848489, 215, 3210, 26, 64.16161616161615
956, 337, 4921, 7, 98.64646464646466, 219, 3212, 27, 64.26262626262624
957, 335, 4903, 12, 98.66666666666663, 227, 3266, 26, 65.55555555555557
958, 333, 4914, 10, 98.52525252525248, 219, 3161, 27, 63.33333333333329
959, 333, 4885, 7, 98.72727272727269, 213, 3215, 27, 64.52525252525253
960, 336, 4919, 9, 98.60606060606055, 238, 3291, 26, 65.95959595959597
961, 334, 4900, 26, 98.38383838383841, 232, 3395, 25, 67.69696969696967
962, 339, 4929, 2, 99.35353535353539, 232, 3496, 24, 69.7979797979798
963, 337, 4877, 9, 98.3636363636363, 216, 2942, 28, 59.171717171717155
964, 336, 4879, 24, 98.18181818181816, 233, 3256, 26, 64.9292929292929
965, 338, 4898, 15, 98.22222222222223, 225, 3140, 27, 63.05050505050505
966, 338, 4926, 24, 98.58585858585859, 230, 3369, 25, 67.71717171717174
967, 336, 4835, 25, 97.61616161616159, 225, 3282, 25, 65.77777777777776
968, 337, 4924, 8, 98.62626262626259, 234, 3399, 25, 68.14141414141413
969, 335, 4873, 11, 98.10101010101005, 214, 3165, 28, 62.96969696969697
970, 339, 4934, 13, 99.13131313131309, 223, 3412, 26, 67.95959595959596
971, 336, 4915, 14, 98.70707070707073, 217, 3289, 25, 65.75757575757572
972, 338, 4908, 8, 98.54545454545455, 220, 3195, 28, 63.49494949494947
973, 336, 4907, 4, 98.94949494949495, 206, 3076, 28, 61.81818181818182
974, 336, 4911, 11, 98.56565656565655, 211, 3029, 29, 60.46464646464647
975, 337, 4890, 12, 98.5858585858586, 216, 3177, 27, 63.696969696969695
976, 336, 4882, 8, 98.50505050505049, 226, 3277, 28, 65.43434343434343
977, 339, 4928, 6, 98.98989898989898, 204, 3042, 28, 60.92929292929292
978, 334, 4849, 24, 97.39393939393938, 222, 3266, 26, 64.88888888888891
979, 339, 4934, 6, 98.86868686868684, 237, 3360, 26, 67.3939393939394
980, 341, 4905, 7, 99.11111111111109, 229, 3307, 27, 66.0
981, 341, 4935, 14, 98.96969696969695, 217, 3106, 28, 61.69696969696972
982, 340, 4916, 11, 98.8282828282828, 227, 3218, 28, 64.76767676767676
983, 341, 4888, 8, 98.84848484848489, 216, 3091, 28, 62.10101010101009
984, 339, 4927, 8, 98.72727272727273, 223, 3174, 27, 63.53535353535351
985, 340, 4889, 13, 98.22222222222217, 225, 3138, 28, 62.36363636363637
986, 340, 4904, 12, 98.66666666666667, 232, 3196, 27, 63.51515151515149
987, 341, 4916, 10, 98.36363636363639, 216, 3108, 29, 61.73737373737376
988, 342, 4924, 12, 98.64646464646465, 239, 3448, 25, 68.94949494949493
989, 344, 4938, 4, 99.47474747474747, 221, 3043, 29, 60.72727272727273
990, 335, 4910, 7, 98.68686868686866, 201, 2971, 29, 59.292929292929266
991, 337, 4897, 17, 98.40404040404039, 228, 3284, 26, 65.8181818181818
992, 343, 4916, 14, 98.88888888888889, 219, 3092, 28, 62.040404040404034
993, 346, 4871, 19, 98.16161616161614, 212, 2958, 28, 59.474747474747474
994, 346, 4926, 22, 98.84848484848482, 214, 3044, 29, 60.525252525252526
995, 351, 4957, 4, 99.63636363636367, 206, 3003, 29, 60.22222222222222
996, 346, 4902, 6, 99.19191919191923, 223, 3195, 27, 64.54545454545456
997, 352, 4937, 9, 99.21212121212122, 238, 3178, 27, 63.93939393939395
998, 349, 4906, 21, 98.40404040404039, 222, 3156, 27, 62.84848484848484
999, 351, 4882, 22, 98.32323232323232, 233, 3024, 28, 60.28282828282829
